{"cameraMode":{"drawMode":0,"name":"Shaded","section":"Shading Mode"},"sceneLighting":true,"audioPlay":false,"sceneViewState":{"showFog":true,"showMaterialUpdate":false,"showSkybox":true,"showFlares":true,"showImageEffects":true,"showParticleSystems":true},"in2DMode":false,"pivot":{"x":0.4307364821434021,"y":1.0320957899093629,"z":-0.811333179473877},"rotation":{"x":0.003068823367357254,"y":-0.9930155277252197,"z":0.11492382735013962,"w":0.026518600061535836},"size":5.917850494384766,"orthographic":false}